Touch Mean,Touch SEM,Auditory Mean,Auditory SEM
[716.8281170388926],[22.989928310191623],[505.625],[15.504793026705253]
[517.3394695779551],[12.14573187452362],[590.315308850221],[20.151082192941463]
