Touch Mean,Touch SEM,Auditory Mean,Auditory SEM
[531.3],[14.769898794992931],[500.7437809769825],[15.85025967346888]
[628.327302631579],[26.07236053803944],[500.7437809769825],[15.85025967346888]
