Touch Mean,Touch SEM,Auditory Mean,Auditory SEM
[217.3473186728395],[3.1645502439860613],[183.6],[3.7711302312402037]
[220.42743345748548],[3.188464675840597],[183.6],[3.7711302312402037]
