Visual Mean,Visual SEM,Auditory Mean,Auditory SEM
[346.3033854166667],[5.993203346551004],[290.708577539503],[5.806864117758335]
