Visual Mean,Visual SEM,Auditory Mean,Auditory SEM
[183.94354590941012],[2.332600855431182],[171.51030585106383],[3.7067609549663323]
[190.5430197244162],[2.403052278828754],[157.99728225875685],[2.132298157519535]
[199.528194466817],[3.6666014086776086],[168.36519368489584],[3.241523154821004]
