Touch Mean,Touch SEM,Auditory Mean,Auditory SEM
[370.3681279962713],[7.155896904054991],[213.5968720407197],[5.5776051415903645]
