ObjShowTime,ReactionTime,StimType,Guess,Correct
1721771817.3493562,1721771817.634195,V,V,True
1721771819.8255086,1721771820.0664437,V,V,True
